gjenstandnavn,gjenstandbeskrivelse,kategorinavn,kategoribeskrivelse,betingelse,verdi,tillatthandbagasje,tillattinnsjekketbagasje,regelverkbeskrivelse
Ammunisjon,Projektiler som brukes i skytevåpen.,Våpen,"Enhver gjenstand eller enhet som er designet eller brukt til å skade, skade eller drepe levende vesener.",Ammunisjon,true,False,True,"Det er tillatt å ha med ammunisjon i innsjekket bagasje så lenge flyselskapets prosedyrer for håndtering av våpen og ammunisjon følges. Passasjeren må informere flyselskapet ved innsjekk om at bagasjen inneholder ammunisjon.

Kun ammunisjon i fareklasse Div. 1.4S, UN 0012 eller UN 0014 er tillatt. Ammunisjonen skal være forsvarlig pakket. Passasjerer kan ta med inntil 5kg (11 lbs) bruttovekt per person og ammunisjonen må være til passasjerens eget bruk. Ammunisjon med eksploderende eller brennende prosjektiler er ikke tillatt. Det er ikke tillatt å sampakke flere passasjerers tillatte mengde.

Man kan bare ta med ammunisjon til utlandet dersom det er tillatt på bestemmelsesstedet, samt alle steder den reisende mellomlander. Dette må sjekkes med landet du reiser til.

Ta kontakt med flyselskapet du reiser med for mer informasjon om pakking av ammunisjon."
Balltre,Et slagredskap brukt i idretter som baseball.,Sportsutstyr,Ulike gjenstander som brukes i forbindelse med sport eller fritidsaktiviteter.,Køller,true,False,True,
Barberblader,Tynne blader brukt for å fjerne hår ved barbering.,Skarpt,Gjenstander som har en skarp kant eller spiss og kan forårsake skade eller skjæring.,BladLengde,x<6cm,True,True,
Barberblader,Tynne blader brukt for å fjerne hår ved barbering.,Skarpt,Gjenstander som har en skarp kant eller spiss og kan forårsake skade eller skjæring.,BladLengde,x>=6cm,False,True,
Barberhøvel,Et verktøy for barbering som holder barberblader.,Skarpt,Gjenstander som har en skarp kant eller spiss og kan forårsake skade eller skjæring.,BladLengde,x<6cm,True,True,
Barberhøvel,Et verktøy for barbering som holder barberblader.,Skarpt,Gjenstander som har en skarp kant eller spiss og kan forårsake skade eller skjæring.,BladLengde,x>=6cm,False,True,
Biljardkø,"Et langt, tynt stokk brukt til å slå baller i biljard.",Sportsutstyr,Ulike gjenstander som brukes i forbindelse med sport eller fritidsaktiviteter.,AndreObjekt,true,True,True,Reglene varierer basert på flyselskap og anskomstland. Kontakt flyselskapet ditt for videre informasjon.
Blåselampe,Et verktøy som produserer en intens flamme ved å blåse brennstoff gjennom en dyse.,Verktøy,Gjenstander som brukes til å utføre spesifikke oppgaver eller jobber.,DrivstoffVerktøy,TRUE,False,True,Unntak: Er gjenstanden uten drivstoffbeholder eller ikke brukt er det lov å ha med i innsjekket bagasje gitt gjenstanden er sikret.
Boremaskin,Et verktøy for å lage hull i ulike materialer.,Verktøy,Gjenstander som brukes til å utføre spesifikke oppgaver eller jobber.,ElektriskVerktøy,TRUE,False,True,Mange batterier til verktøy inneholder litium-Ion. Det er kun tillatt med et slikt batteri hvis det står i verktøyet og verktøyet er sikret mot å starte i innsjekket bagasje. Normalt vil det si at det ligger i en transportkasse.
Bor,Et skjærende verktøy for å lage runde hull.,Skarpt,Gjenstander som har en skarp kant eller spiss og kan forårsake skade eller skjæring.,BladLengde,x<6cm,True,True,
Bor,Et skjærende verktøy for å lage runde hull.,Skarpt,Gjenstander som har en skarp kant eller spiss og kan forårsake skade eller skjæring.,BladLengde,x>=6cm,False,True,
Drill,Et motorisert verktøy brukt til å bore hull eller skru inn skruer.,Verktøy,Gjenstander som brukes til å utføre spesifikke oppgaver eller jobber.,ElektriskVerktøy,TRUE,False,True,Mange batterier til verktøy inneholder litium-Ion. Det er kun tillatt med et slikt batteri hvis det står i verktøyet og verktøyet er sikret mot å starte i innsjekket bagasje. Normalt vil det si at det ligger i en transportkasse.
Bowlingkule,En tung kule brukt i bowling for å slå ned kjegler.,Sportsutstyr,Ulike gjenstander som brukes i forbindelse med sport eller fritidsaktiviteter.,AndreObjekt,true,True,True,Reglene varierer basert på flyselskap og anskomstland. Kontakt flyselskapet ditt for videre informasjon.
Brekkjern,Et verktøy brukt for å løfte eller bryte åpne objekter.,Verktøy,Gjenstander som brukes til å utføre spesifikke oppgaver eller jobber.,Håndverktøy,TRUE,False,True,Gitt objektet ikke har elektriske komponenter
Brunost,"En type brun, søt ost kjent fra Norge.",Mat,Enhver substans som konsumeres for å gi næring til kroppen og støtte dens funksjon.,Fast konsistens,true,True,True,
Hvitost,"En generell betegnelse på ost med hvit farge, kan variere i smak og tekstur.",Mat,Enhver substans som konsumeres for å gi næring til kroppen og støtte dens funksjon.,Fast konsistens,true,True,True,
Bær,"Små, saftige frukter som ofte er spiselige og rike på vitaminer.",Mat,Enhver substans som konsumeres for å gi næring til kroppen og støtte dens funksjon.,Fast konsistens,true,True,True,
Dartpil,En liten pil brukt i spillet dart for å kaste mot en dartskive.,Sportsutstyr,Ulike gjenstander som brukes i forbindelse med sport eller fritidsaktiviteter.,AndreObjekt,true,True,True,Reglene varierer basert på flyselskap og anskomstland. Kontakt flyselskapet ditt for videre informasjon.
Deodorant,Et produkt designet for å eliminere eller maskere kroppslukt.,Flytende,"Gjenstander eller substanser som er flytende, smørbart eller i gassform omfattes av reglene for væske. Frosne væsker regnes fortsatt som væsker.",Innhold,x<=100ml,True,True,"Væskene er i beholdere som rommer inntil 100 milliliter hver (beholdere som rommer mer enn 100 ml er ikke tillatt, uavhengig av hvor mye væske de inneholder). Beholderne er plassert i en gjennomsiktig, gjenlukkbar (""zip-lock"") og lukket plastpose med kapasitet på høyst 1 liter. Det er kun tillatt med én 1- liters pose per reisende."
Deodorant,Et produkt designet for å eliminere eller maskere kroppslukt.,Flytende,"Gjenstander eller substanser som er flytende, smørbart eller i gassform omfattes av reglene for væske. Frosne væsker regnes fortsatt som væsker.",Innhold,x>100ml,False,True,
Desinfeksjonsvæske,En væske brukt for å drepe bakterier og virus på overflater.,Flytende,"Gjenstander eller substanser som er flytende, smørbart eller i gassform omfattes av reglene for væske. Frosne væsker regnes fortsatt som væsker.",Innhold,x<=100ml,True,True,"Væskene er i beholdere som rommer inntil 100 milliliter hver (beholdere som rommer mer enn 100 ml er ikke tillatt, uavhengig av hvor mye væske de inneholder). Beholderne er plassert i en gjennomsiktig, gjenlukkbar (""zip-lock"") og lukket plastpose med kapasitet på høyst 1 liter. Det er kun tillatt med én 1- liters pose per reisende."
Desinfeksjonsvæske,En væske brukt for å drepe bakterier og virus på overflater.,Flytende,"Gjenstander eller substanser som er flytende, smørbart eller i gassform omfattes av reglene for væske. Frosne væsker regnes fortsatt som væsker.",Innhold,x>100ml,False,True,
Desinfiserende våtserviett,En våtserviett impregnert med desinfiserende middel for rengjøring.,Flytende,"Gjenstander eller substanser som er flytende, smørbart eller i gassform omfattes av reglene for væske. Frosne væsker regnes fortsatt som væsker.",Innhold,x<=100ml,True,True,"Væskene er i beholdere som rommer inntil 100 milliliter hver (beholdere som rommer mer enn 100 ml er ikke tillatt, uavhengig av hvor mye væske de inneholder). Beholderne er plassert i en gjennomsiktig, gjenlukkbar (""zip-lock"") og lukket plastpose med kapasitet på høyst 1 liter. Det er kun tillatt med én 1- liters pose per reisende."
Desinfiserende våtserviett,En våtserviett impregnert med desinfiserende middel for rengjøring.,Flytende,"Gjenstander eller substanser som er flytende, smørbart eller i gassform omfattes av reglene for væske. Frosne væsker regnes fortsatt som væsker.",Innhold,x>100ml,False,True,
Detonator,En enhet brukt for å utløse eksplosiver.,Eksplosive,Gjenstander eller substanser som har potensial til å eksplodere eller produsere en eksplosjon når de utsettes for en trigger.,"Substans og objekter
",true,False,False,"Eksplosive stoffer og eller objekt som kan være utløsende faktor for de er generelt ikke tillatt ombord i fly. Flyselskapene kan likevel ha egne bestemmelser som er strengere enn myndighetskravene. Unntak: oksygen tillates i beholdere på maks 500ml/g per enhet, maks 2l/kg per person."
Lunte,En brennbar streng brukt til å tenne eksplosiver på en kontrollert måte.,Eksplosive,Gjenstander eller substanser som har potensial til å eksplodere eller produsere en eksplosjon når de utsettes for en trigger.,"Substans og objekter
",true,False,False,"Eksplosive stoffer og eller objekt som kan være utløsende faktor for de er generelt ikke tillatt ombord i fly. Flyselskapene kan likevel ha egne bestemmelser som er strengere enn myndighetskravene. Unntak: oksygen tillates i beholdere på maks 500ml/g per enhet, maks 2l/kg per person."
Dynamitt,Et eksplosivt materiale brukt i sprengningsarbeid.,Eksplosive,Gjenstander eller substanser som har potensial til å eksplodere eller produsere en eksplosjon når de utsettes for en trigger.,"Substans og objekter
",true,False,False,"Eksplosive stoffer og eller objekt som kan være utløsende faktor for de er generelt ikke tillatt ombord i fly. Flyselskapene kan likevel ha egne bestemmelser som er strengere enn myndighetskravene. Unntak: oksygen tillates i beholdere på maks 500ml/g per enhet, maks 2l/kg per person."
Krutt,Et brennbart pulver brukt som drivmiddel i skytevåpen og fyrverkeri.,Eksplosive,Gjenstander eller substanser som har potensial til å eksplodere eller produsere en eksplosjon når de utsettes for en trigger.,"Substans og objekter
",true,False,False,"Eksplosive stoffer og eller objekt som kan være utløsende faktor for de er generelt ikke tillatt ombord i fly. Flyselskapene kan likevel ha egne bestemmelser som er strengere enn myndighetskravene. Unntak: oksygen tillates i beholdere på maks 500ml/g per enhet, maks 2l/kg per person."
Plastiske sprengstoff,Et formbart eksplosivt materiale brukt i militære og sivile applikasjoner.,Eksplosive,Gjenstander eller substanser som har potensial til å eksplodere eller produsere en eksplosjon når de utsettes for en trigger.,"Substans og objekter
",true,False,False,"Eksplosive stoffer og eller objekt som kan være utløsende faktor for de er generelt ikke tillatt ombord i fly. Flyselskapene kan likevel ha egne bestemmelser som er strengere enn myndighetskravene. Unntak: oksygen tillates i beholdere på maks 500ml/g per enhet, maks 2l/kg per person."
Egg,"En matvare produsert av fugler, reptiler, og noen fisker, ofte brukt i matlaging.",Mat,Enhver substans som konsumeres for å gi næring til kroppen og støtte dens funksjon.,Fast konsistens,true,True,True,
Elektronikk,"Enheter som fungerer ved å manipulere strøm, inkludert datamaskiner og mobiltelefoner.",Batteri,En enhet som lagrer elektrisk energi og gir strøm til elektriske apparater eller enheter.,Montert i Enhet,x<=100Wh,True,True,Trenger ikke tillatelse fra flyselskapet
Elektronikk,"Enheter som fungerer ved å manipulere strøm, inkludert datamaskiner og mobiltelefoner.",Batteri,En enhet som lagrer elektrisk energi og gir strøm til elektriske apparater eller enheter.,Montert i Enhet,100Wh<x<=160Wh,True,True,Trenger tillatelse fra flyselskapet
Elektronikk,"Enheter som fungerer ved å manipulere strøm, inkludert datamaskiner og mobiltelefoner.",Batteri,En enhet som lagrer elektrisk energi og gir strøm til elektriske apparater eller enheter.,Løse og Reserve,x<=100Wh,True,False,Trenger ikke tillatelse fra flyselskapet
Elektronikk,"Enheter som fungerer ved å manipulere strøm, inkludert datamaskiner og mobiltelefoner.",Batteri,En enhet som lagrer elektrisk energi og gir strøm til elektriske apparater eller enheter.,Løse og Reserve,100Wh<x<=160Wh,True,False,"Maks 2 batterier tillatt i håndbagasjen, og man trenger tillatelse fra flyselskapet"
Elektronikk,"Enheter som fungerer ved å manipulere strøm, inkludert datamaskiner og mobiltelefoner.",Batteri,En enhet som lagrer elektrisk energi og gir strøm til elektriske apparater eller enheter.,Kraftige,x>160Wh,False,False,Forbudt å frakte i bagasjen. Skal fraktes som last i henhold til regelverket for farlig gods.
Elektroniske sigaretter,En enhet brukt til å imitere røyking uten bruk av tobakk.,Batteri,En enhet som lagrer elektrisk energi og gir strøm til elektriske apparater eller enheter.,Montert i Enhet,x<=100Wh,True,True,Trenger ikke tillatelse fra flyselskapet
Elektroniske sigaretter,En enhet brukt til å imitere røyking uten bruk av tobakk.,Batteri,En enhet som lagrer elektrisk energi og gir strøm til elektriske apparater eller enheter.,Montert i Enhet,100Wh<x<=160Wh,True,True,Trenger tillatelse fra flyselskapet
Elektroniske sigaretter,En enhet brukt til å imitere røyking uten bruk av tobakk.,Batteri,En enhet som lagrer elektrisk energi og gir strøm til elektriske apparater eller enheter.,Løse og Reserve,x<=100Wh,True,False,Trenger ikke tillatelse fra flyselskapet
Elektroniske sigaretter,En enhet brukt til å imitere røyking uten bruk av tobakk.,Batteri,En enhet som lagrer elektrisk energi og gir strøm til elektriske apparater eller enheter.,Løse og Reserve,100Wh<x<=160Wh,True,False,"Maks 2 batterier tillatt i håndbagasjen, og man trenger tillatelse fra flyselskapet"
Elektroniske sigaretter,En enhet brukt til å imitere røyking uten bruk av tobakk.,Batteri,En enhet som lagrer elektrisk energi og gir strøm til elektriske apparater eller enheter.,Kraftige,x>160Wh,False,False,Forbudt å frakte i bagasjen. Skal fraktes som last i henhold til regelverket for farlig gods.
Fenghett,En komponent i ammunisjon som tenner kruttet i patronen.,Eksplosive,Gjenstander eller substanser som har potensial til å eksplodere eller produsere en eksplosjon når de utsettes for en trigger.,"Substans og objekter
",true,False,False,"Eksplosive stoffer og eller objekt som kan være utløsende faktor for de er generelt ikke tillatt ombord i fly. Flyselskapene kan likevel ha egne bestemmelser som er strengere enn myndighetskravene. Unntak: oksygen tillates i beholdere på maks 500ml/g per enhet, maks 2l/kg per person."
Fisk,Vannlevende virveldyr som ofte brukes som mat.,Mat,Enhver substans som konsumeres for å gi næring til kroppen og støtte dens funksjon.,Fast konsistens,true,True,True,
Fiskestang,Et verktøy brukt for å fange fisk ved hjelp av en lang linje og et agn.,Sportsutstyr,Ulike gjenstander som brukes i forbindelse med sport eller fritidsaktiviteter.,Fiskeutstyr,true,True,True,
Frukt,"Den spiselige delen av planter som inneholder frø, ofte søt og saftig.",Mat,Enhver substans som konsumeres for å gi næring til kroppen og støtte dens funksjon.,Fast konsistens,true,True,True,
Fyrstikk,En liten pinne med et brennbart hode som kan tennes ved friksjon.,Brennstoff,Stoffer som kan brenne eller forbrenne for å produsere varme eller energi.,Sikkerhetsfyrstikker,true,True,False,Kun én eske per person
Fyrstikk,En liten pinne med et brennbart hode som kan tennes ved friksjon.,Brennstoff,Stoffer som kan brenne eller forbrenne for å produsere varme eller energi.,AndreTyperFyrstikker,true,False,False,
Pyroteknisk utstyr,"Enheter designet for å produsere lys, lyd, røyk og/eller eksplosjoner, som fyrverkeri.",Eksplosive,Gjenstander eller substanser som har potensial til å eksplodere eller produsere en eksplosjon når de utsettes for en trigger.,"Substans og objekter
",true,False,False,"Eksplosive stoffer og eller objekt som kan være utløsende faktor for de er generelt ikke tillatt ombord i fly. Flyselskapene kan likevel ha egne bestemmelser som er strengere enn myndighetskravene. Unntak: oksygen tillates i beholdere på maks 500ml/g per enhet, maks 2l/kg per person."
Grøt,"En matrett vanligvis laget av kokte kornprodukter, ofte servert varm.",Mat,Enhver substans som konsumeres for å gi næring til kroppen og støtte dens funksjon.,Flytende konsistens,true,False,True,
Pudding,"En dessert som kan være basert på stivelse, ris eller brød, ofte med smakstilsetninger.",Mat,Enhver substans som konsumeres for å gi næring til kroppen og støtte dens funksjon.,Flytende konsistens,true,False,True,
Gelé,"En matrett laget ved å stivne juice eller infusjoner, ofte søt og brukt som dessert.",Mat,Enhver substans som konsumeres for å gi næring til kroppen og støtte dens funksjon.,Flytende konsistens,true,False,True,
Krem,"Et tykt, rikt produkt av melk med høyt fettinnhold, ofte brukt i matlaging og baking.",Mat,Enhver substans som konsumeres for å gi næring til kroppen og støtte dens funksjon.,Flytende konsistens,true,False,True,
Gåstav,"En stav som brukes som støtte når man går, spesielt i ulendt terreng.",Sportsutstyr,Ulike gjenstander som brukes i forbindelse med sport eller fritidsaktiviteter.,AndreObjekt,true,True,True,Reglene varierer basert på flyselskap og anskomstland. Kontakt flyselskapet ditt for videre informasjon.
Harpungevær,"Et våpen designet for å skyte harpuner, ofte brukt i undervannsfiske.",Våpen,"Enhver gjenstand eller enhet som er designet eller brukt til å skade, skade eller drepe levende vesener.",Skytevåpen,true,False,True,"Våpen og våpenliknende gjenstander kan under ingen omstendigheter tas med som håndbagasje, men innsjekket bagasje. Regelen sier at transport av våpen må søkes om og gokjennes før du reiser. Hør med flyselskapet du reiser med i god tid om hvilke regler som gjelder for reisen din. Husk at du må bekrefte at du har gyldig våpenlisens, og vær oppmerksom på at det kan påløpe ekstra kostnader ved frakt av våpen."
Hoverboard,En selvbalanserende scooter som bruker gyro-skopiske sensorer for å tillate brukeren å stå oppreist.,Sportsutstyr,Ulike gjenstander som brukes i forbindelse med sport eller fritidsaktiviteter.,ElektriskeFramkomstmiddel,true,False,False,"Unntak: Noen flyselskap tillater noen elektriske framkomstmiddel, men er ofte uønsket grunnet brannfare."
Hudkrem,Et produkt brukt for å fukte og beskytte huden.,Flytende,"Gjenstander eller substanser som er flytende, smørbart eller i gassform omfattes av reglene for væske. Frosne væsker regnes fortsatt som væsker.",Innhold,x<=100ml,True,True,"Væskene er i beholdere som rommer inntil 100 milliliter hver (beholdere som rommer mer enn 100 ml er ikke tillatt, uavhengig av hvor mye væske de inneholder). Beholderne er plassert i en gjennomsiktig, gjenlukkbar (""zip-lock"") og lukket plastpose med kapasitet på høyst 1 liter. Det er kun tillatt med én 1- liters pose per reisende."
Hudkrem,Et produkt brukt for å fukte og beskytte huden.,Flytende,"Gjenstander eller substanser som er flytende, smørbart eller i gassform omfattes av reglene for væske. Frosne væsker regnes fortsatt som væsker.",Innhold,x>100ml,False,True,
Lotion,En flytende krem for hudpleie som fukter og mykgjør huden.,Flytende,"Gjenstander eller substanser som er flytende, smørbart eller i gassform omfattes av reglene for væske. Frosne væsker regnes fortsatt som væsker.",Innhold,x<=100ml,True,True,"Væskene er i beholdere som rommer inntil 100 milliliter hver (beholdere som rommer mer enn 100 ml er ikke tillatt, uavhengig av hvor mye væske de inneholder). Beholderne er plassert i en gjennomsiktig, gjenlukkbar (""zip-lock"") og lukket plastpose med kapasitet på høyst 1 liter. Det er kun tillatt med én 1- liters pose per reisende."
Lotion,En flytende krem for hudpleie som fukter og mykgjør huden.,Flytende,"Gjenstander eller substanser som er flytende, smørbart eller i gassform omfattes av reglene for væske. Frosne væsker regnes fortsatt som væsker.",Innhold,x>100ml,False,True,
Håndjern,Et låsbart anordning brukt for å begrense bevegelsene til hender.,Verktøy,Gjenstander som brukes til å utføre spesifikke oppgaver eller jobber.,Håndverktøy,TRUE,False,True,Gitt objektet ikke har elektriske komponenter
Isøks,Et verktøy brukt i fjellklatring og isklatring for å hjelpe til med bevegelse over is.,Skarpt,Gjenstander som har en skarp kant eller spiss og kan forårsake skade eller skjæring.,BladLengde,x<6cm,True,True,
Isøks,Et verktøy brukt i fjellklatring og isklatring for å hjelpe til med bevegelse over is.,Skarpt,Gjenstander som har en skarp kant eller spiss og kan forårsake skade eller skjæring.,BladLengde,x>=6cm,False,True,
Ishakke,"Et verktøy for å bryte og forme is, ofte brukt i isklatring.",Skarpt,Gjenstander som har en skarp kant eller spiss og kan forårsake skade eller skjæring.,BladLengde,x<6cm,True,True,
Ishakke,"Et verktøy for å bryte og forme is, ofte brukt i isklatring.",Skarpt,Gjenstander som har en skarp kant eller spiss og kan forårsake skade eller skjæring.,BladLengde,x>=6cm,False,True,
Bakverk med fyll,En type bakverk som er fylt med søte eller salte ingredienser.,Mat,Enhver substans som konsumeres for å gi næring til kroppen og støtte dens funksjon.,Flytende konsistens,true,False,True,
Kakebunn,"Grunnlaget for mange typer kaker, ofte laget av en enkel svampekake.",Mat,Enhver substans som konsumeres for å gi næring til kroppen og støtte dens funksjon.,Fast konsistens,true,True,True,
Tørre kake,"En kake med lav fuktighet, ofte med en sprø tekstur.",Mat,Enhver substans som konsumeres for å gi næring til kroppen og støtte dens funksjon.,Fast konsistens,true,True,True,
Tørre kjeks,"Harde, tørre småkaker, ofte servert med te eller kaffe.",Mat,Enhver substans som konsumeres for å gi næring til kroppen og støtte dens funksjon.,Fast konsistens,true,True,True,
Tørre cookies,"En type småkake som vanligvis er søt, sprø og tørr.",Mat,Enhver substans som konsumeres for å gi næring til kroppen og støtte dens funksjon.,Fast konsistens,true,True,True,
Kampsportsutstyr,Utstyr og beskyttelse brukt under trening og konkurranse i kampsport.,Sportsutstyr,Ulike gjenstander som brukes i forbindelse med sport eller fritidsaktiviteter.,Kampsportutstyr,true,False,True,
Kaviar på tube,Kaviar pakket i en tube for enkel servering og oppbevaring.,Mat,Enhver substans som konsumeres for å gi næring til kroppen og støtte dens funksjon.,Flytende konsistens,true,False,True,
Kjøtt,Muskelvev fra dyr brukt som mat.,Mat,Enhver substans som konsumeres for å gi næring til kroppen og støtte dens funksjon.,Fast konsistens,true,True,True,
Kjøttfarse,"Malt eller finhakket kjøtt, ofte brukt i matlaging.",Mat,Enhver substans som konsumeres for å gi næring til kroppen og støtte dens funksjon.,Flytende konsistens,true,False,True,
Kniv,Et verktøy eller våpen med et blad for å kutte.,Skarpt,Gjenstander som har en skarp kant eller spiss og kan forårsake skade eller skjæring.,BladLengde,x<6cm,True,True,
Kniv,Et verktøy eller våpen med et blad for å kutte.,Skarpt,Gjenstander som har en skarp kant eller spiss og kan forårsake skade eller skjæring.,BladLengde,x>=6cm,False,True,
Kokosnøtt,"Den store, harde frukten av kokospalmen, brukt i matlaging og som drikke.",Mat,Enhver substans som konsumeres for å gi næring til kroppen og støtte dens funksjon.,Fast konsistens,true,True,True,
Kokosmelk,En melkeaktig væske ekstrahert fra kjøttet av en moden kokosnøtt.,Mat,Enhver substans som konsumeres for å gi næring til kroppen og støtte dens funksjon.,Flytende konsistens,true,False,True,
Krykke,"En støtteanordning brukt av personer med skade eller funksjonshemming, for å hjelpe til med å gå.",Sportsutstyr,Ulike gjenstander som brukes i forbindelse med sport eller fritidsaktiviteter.,AndreObjekt,true,True,True,Reglene varierer basert på flyselskap og anskomstland. Kontakt flyselskapet ditt for videre informasjon.
Lekepistol,En leketøy som etterligner utseendet og noen ganger lyden av en ekte pistol.,Våpen,"Enhver gjenstand eller enhet som er designet eller brukt til å skade, skade eller drepe levende vesener.",Våpenetterligninger,true,False,True,"Du kan ta med lekepistoler som overhodet ikke kan forveksles med ordentlige våpen i håndbagasjen. Lekevåpen, etterligninger og imitasjoner som kan forveksles med reelle våpen er ikke tillatt. Sikkerhetskontrolløren avgjør hva som skal stanses."
Våpenimitasjon,"En etterligning av et våpen som ikke er funksjonelt, ofte brukt som rekvisitt eller leketøy.",Våpen,"Enhver gjenstand eller enhet som er designet eller brukt til å skade, skade eller drepe levende vesener.",Våpenetterligninger,true,False,True,"Du kan ta med lekepistoler som overhodet ikke kan forveksles med ordentlige våpen i håndbagasjen. Lekevåpen, etterligninger og imitasjoner som kan forveksles med reelle våpen er ikke tillatt. Sikkerhetskontrolløren avgjør hva som skal stanses."
Leppestift,Et kosmetisk produkt som påføres leppene for å gi farge og tekstur.,Flytende,"Gjenstander eller substanser som er flytende, smørbart eller i gassform omfattes av reglene for væske. Frosne væsker regnes fortsatt som væsker.",Innhold,x<=100ml,True,True,"Væskene er i beholdere som rommer inntil 100 milliliter hver (beholdere som rommer mer enn 100 ml er ikke tillatt, uavhengig av hvor mye væske de inneholder). Beholderne er plassert i en gjennomsiktig, gjenlukkbar (""zip-lock"") og lukket plastpose med kapasitet på høyst 1 liter. Det er kun tillatt med én 1- liters pose per reisende."
Solstift,En stift brukt for å beskytte lepper mot solens skadelige stråler.,Flytende,"Gjenstander eller substanser som er flytende, smørbart eller i gassform omfattes av reglene for væske. Frosne væsker regnes fortsatt som væsker.",Innhold,x<=100ml,True,True,"Væskene er i beholdere som rommer inntil 100 milliliter hver (beholdere som rommer mer enn 100 ml er ikke tillatt, uavhengig av hvor mye væske de inneholder). Beholderne er plassert i en gjennomsiktig, gjenlukkbar (""zip-lock"") og lukket plastpose med kapasitet på høyst 1 liter. Det er kun tillatt med én 1- liters pose per reisende."
Dekkstift,Et kosmetisk produkt brukt for å dekke over hudfeil som kviser og mørke ringer.,Flytende,"Gjenstander eller substanser som er flytende, smørbart eller i gassform omfattes av reglene for væske. Frosne væsker regnes fortsatt som væsker.",Innhold,x<=100ml,True,True,"Væskene er i beholdere som rommer inntil 100 milliliter hver (beholdere som rommer mer enn 100 ml er ikke tillatt, uavhengig av hvor mye væske de inneholder). Beholderne er plassert i en gjennomsiktig, gjenlukkbar (""zip-lock"") og lukket plastpose med kapasitet på høyst 1 liter. Det er kun tillatt med én 1- liters pose per reisende."
Lighter,"En bærbar enhet for å skape en flamme, brukt til å tenne sigaretter og lys.",Brennstoff,Stoffer som kan brenne eller forbrenne for å produsere varme eller energi.,LightereEngangsGass,true,True,False,"Maks én lighter per person. Lighteren må være plassert i gjennomsiktig 1-liter pose gjennom sikkerhetskontrollen, og må bæres på ens person om bord i flyet."
Lighter,"En bærbar enhet for å skape en flamme, brukt til å tenne sigaretter og lys.",Brennstoff,Stoffer som kan brenne eller forbrenne for å produsere varme eller energi.,LighterePåfyllbareGass,true,True,False,"Maks én lighter per person. Lighteren må være plassert i gjennomsiktig 1-liter pose gjennom sikkerhetskontrollen, og må bæres på ens person om bord i flyet."
Lighter,"En bærbar enhet for å skape en flamme, brukt til å tenne sigaretter og lys.",Brennstoff,Stoffer som kan brenne eller forbrenne for å produsere varme eller energi.,LightereMikserLuftOgGass,true,True,False,"Maks én lighter per person. Lighteren må være plassert i gjennomsiktig 1-liter pose gjennom sikkerhetskontrollen, og må bæres på ens person om bord i flyet."
Lighter,"En bærbar enhet for å skape en flamme, brukt til å tenne sigaretter og lys.",Brennstoff,Stoffer som kan brenne eller forbrenne for å produsere varme eller energi.,LightereFlytendeAbsorbert,true,True,False,"Det må flytende drivstoff absorbert i vatt/bomull. Maks én lighter per person. Lighteren må være plassert i gjennomsiktig 1-liter pose gjennom sikkerhetskontrollen, og må bæres på ens person om bord i flyet."
Lighter,"En bærbar enhet for å skape en flamme, brukt til å tenne sigaretter og lys.",Brennstoff,Stoffer som kan brenne eller forbrenne for å produsere varme eller energi.,LightereFlytendeUabsorbert,true,False,False,
Lighter,"En bærbar enhet for å skape en flamme, brukt til å tenne sigaretter og lys.",Brennstoff,Stoffer som kan brenne eller forbrenne for å produsere varme eller energi.,LighterePåfyll,true,False,False,
Lipgloss,Et kosmetisk produkt som gir leppene en glanset finish.,Flytende,"Gjenstander eller substanser som er flytende, smørbart eller i gassform omfattes av reglene for væske. Frosne væsker regnes fortsatt som væsker.",Innhold,x<=100ml,True,True,"Væskene er i beholdere som rommer inntil 100 milliliter hver (beholdere som rommer mer enn 100 ml er ikke tillatt, uavhengig av hvor mye væske de inneholder). Beholderne er plassert i en gjennomsiktig, gjenlukkbar (""zip-lock"") og lukket plastpose med kapasitet på høyst 1 liter. Det er kun tillatt med én 1- liters pose per reisende."
Luftpistol,Et våpen som bruker trykkluft for å skyte små prosjektiler.,Våpen,"Enhver gjenstand eller enhet som er designet eller brukt til å skade, skade eller drepe levende vesener.",Skytevåpen,true,False,True,"Våpen og våpenliknende gjenstander kan under ingen omstendigheter tas med som håndbagasje, men innsjekket bagasje. Regelen sier at transport av våpen må søkes om og gokjennes før du reiser. Hør med flyselskapet du reiser med i god tid om hvilke regler som gjelder for reisen din. Husk at du må bekrefte at du har gyldig våpenlisens, og vær oppmerksom på at det kan påløpe ekstra kostnader ved frakt av våpen."
Matpakke,En beholder med mat tatt med hjemmefra for å spise som et måltid utenfor hjemmet.,Mat,Enhver substans som konsumeres for å gi næring til kroppen og støtte dens funksjon.,Fast konsistens,true,True,True,
Medisinsk utstyr,Instrumenter og apparater brukt i medisinsk behandling og diagnostikk.,Medisin,"Legemidler eller farmasøytiske preparater som brukes til å forebygge, behandle eller lindre symptomer på sykdommer eller lidelser.",Enkelt Medisinsk utstyr,true,True,True,Instrumenter og apparater brukt i medisinsk behandling og diagnostikk.
Mine,Et eksplosivt våpen som detoneres ved kontakt eller nærhet av et mål.,Eksplosive,Gjenstander eller substanser som har potensial til å eksplodere eller produsere en eksplosjon når de utsettes for en trigger.,"Substans og objekter
",true,False,False,"Eksplosive stoffer og eller objekt som kan være utløsende faktor for de er generelt ikke tillatt ombord i fly. Flyselskapene kan likevel ha egne bestemmelser som er strengere enn myndighetskravene. Unntak: oksygen tillates i beholdere på maks 500ml/g per enhet, maks 2l/kg per person."
Granat,Et håndkastet eller skytevåpen-lansert eksplosivt våpen.,Eksplosive,Gjenstander eller substanser som har potensial til å eksplodere eller produsere en eksplosjon når de utsettes for en trigger.,"Substans og objekter
",true,False,False,"Eksplosive stoffer og eller objekt som kan være utløsende faktor for de er generelt ikke tillatt ombord i fly. Flyselskapene kan likevel ha egne bestemmelser som er strengere enn myndighetskravene. Unntak: oksygen tillates i beholdere på maks 500ml/g per enhet, maks 2l/kg per person."
Sprengstoff,"Et sterkt eksplosivt materiale brukt i konstruksjon, gruvedrift og militæret.",Eksplosive,Gjenstander eller substanser som har potensial til å eksplodere eller produsere en eksplosjon når de utsettes for en trigger.,"Substans og objekter
",true,False,False,"Eksplosive stoffer og eller objekt som kan være utløsende faktor for de er generelt ikke tillatt ombord i fly. Flyselskapene kan likevel ha egne bestemmelser som er strengere enn myndighetskravene. Unntak: oksygen tillates i beholdere på maks 500ml/g per enhet, maks 2l/kg per person."
Neglklipper,Et lite verktøy for å klippe negler på hender og føtter.,Skarpt,Gjenstander som har en skarp kant eller spiss og kan forårsake skade eller skjæring.,BladLengde,x<6cm,True,True,
Padleåre,Et redskap brukt for å flytte en båt gjennom vann ved hjelp av muskelkraft.,Sportsutstyr,Ulike gjenstander som brukes i forbindelse med sport eller fritidsaktiviteter.,AndreObjekt,true,True,True,Reglene varierer basert på flyselskap og anskomstland. Kontakt flyselskapet ditt for videre informasjon.
PC,En personlig datamaskin brukt for ulike digitale oppgaver.,Batteri,En enhet som lagrer elektrisk energi og gir strøm til elektriske apparater eller enheter.,Montert i Enhet,x<=100Wh,True,True,Trenger ikke tillatelse fra flyselskapet
PC,En personlig datamaskin brukt for ulike digitale oppgaver.,Batteri,En enhet som lagrer elektrisk energi og gir strøm til elektriske apparater eller enheter.,Montert i Enhet,100Wh<x<=160Wh,True,True,Trenger tillatelse fra flyselskapet
PC,En personlig datamaskin brukt for ulike digitale oppgaver.,Batteri,En enhet som lagrer elektrisk energi og gir strøm til elektriske apparater eller enheter.,Løse og Reserve,x<=100Wh,True,False,Trenger ikke tillatelse fra flyselskapet
PC,En personlig datamaskin brukt for ulike digitale oppgaver.,Batteri,En enhet som lagrer elektrisk energi og gir strøm til elektriske apparater eller enheter.,Løse og Reserve,100Wh<x<=160Wh,True,False,"Maks 2 batterier tillatt i håndbagasjen, og man trenger tillatelse fra flyselskapet"
PC,En personlig datamaskin brukt for ulike digitale oppgaver.,Batteri,En enhet som lagrer elektrisk energi og gir strøm til elektriske apparater eller enheter.,Kraftige,x>160Wh,False,False,Forbudt å frakte i bagasjen. Skal fraktes som last i henhold til regelverket for farlig gods.
Nettbrett,"En flat, bærbar datamaskin med berøringsskjerm.",Batteri,En enhet som lagrer elektrisk energi og gir strøm til elektriske apparater eller enheter.,Montert i Enhet,x<=100Wh,True,True,Trenger ikke tillatelse fra flyselskapet
Nettbrett,"En flat, bærbar datamaskin med berøringsskjerm.",Batteri,En enhet som lagrer elektrisk energi og gir strøm til elektriske apparater eller enheter.,Montert i Enhet,100Wh<x<=160Wh,True,True,Trenger tillatelse fra flyselskapet
Nettbrett,"En flat, bærbar datamaskin med berøringsskjerm.",Batteri,En enhet som lagrer elektrisk energi og gir strøm til elektriske apparater eller enheter.,Løse og Reserve,x<=100Wh,True,False,Trenger ikke tillatelse fra flyselskapet
Nettbrett,"En flat, bærbar datamaskin med berøringsskjerm.",Batteri,En enhet som lagrer elektrisk energi og gir strøm til elektriske apparater eller enheter.,Løse og Reserve,100Wh<x<=160Wh,True,False,"Maks 2 batterier tillatt i håndbagasjen, og man trenger tillatelse fra flyselskapet"
Nettbrett,"En flat, bærbar datamaskin med berøringsskjerm.",Batteri,En enhet som lagrer elektrisk energi og gir strøm til elektriske apparater eller enheter.,Kraftige,x>160Wh,False,False,Forbudt å frakte i bagasjen. Skal fraktes som last i henhold til regelverket for farlig gods.
Pil,Et prosjektil brukt sammen med en bue for å skyte mot mål.,Våpen,"Enhver gjenstand eller enhet som er designet eller brukt til å skade, skade eller drepe levende vesener.",Ammunisjon,true,False,True,"Det er tillatt å ha med ammunisjon i innsjekket bagasje så lenge flyselskapets prosedyrer for håndtering av våpen og ammunisjon følges. Passasjeren må informere flyselskapet ved innsjekk om at bagasjen inneholder ammunisjon.

Kun ammunisjon i fareklasse Div. 1.4S, UN 0012 eller UN 0014 er tillatt. Ammunisjonen skal være forsvarlig pakket. Passasjerer kan ta med inntil 5kg (11 lbs) bruttovekt per person og ammunisjonen må være til passasjerens eget bruk. Ammunisjon med eksploderende eller brennende prosjektiler er ikke tillatt. Det er ikke tillatt å sampakke flere passasjerers tillatte mengde.

Man kan bare ta med ammunisjon til utlandet dersom det er tillatt på bestemmelsesstedet, samt alle steder den reisende mellomlander. Dette må sjekkes med landet du reiser til.

Ta kontakt med flyselskapet du reiser med for mer informasjon om pakking av ammunisjon."
Bue,Et våpen laget av et bøyelig stykke materiale som skyter piler ved hjelp av strengen.,Våpen,"Enhver gjenstand eller enhet som er designet eller brukt til å skade, skade eller drepe levende vesener.",Skytevåpen,true,False,True,"Våpen og våpenliknende gjenstander kan under ingen omstendigheter tas med som håndbagasje, men innsjekket bagasje. Regelen sier at transport av våpen må søkes om og gokjennes før du reiser. Hør med flyselskapet du reiser med i god tid om hvilke regler som gjelder for reisen din. Husk at du må bekrefte at du har gyldig våpenlisens, og vær oppmerksom på at det kan påløpe ekstra kostnader ved frakt av våpen."
Armbrøst,Et middelaldersk avstandsvåpen som skyter piler eller bolter.,Våpen,"Enhver gjenstand eller enhet som er designet eller brukt til å skade, skade eller drepe levende vesener.",Skytevåpen,true,False,True,"Våpen og våpenliknende gjenstander kan under ingen omstendigheter tas med som håndbagasje, men innsjekket bagasje. Regelen sier at transport av våpen må søkes om og gokjennes før du reiser. Hør med flyselskapet du reiser med i god tid om hvilke regler som gjelder for reisen din. Husk at du må bekrefte at du har gyldig våpenlisens, og vær oppmerksom på at det kan påløpe ekstra kostnader ved frakt av våpen."
Pil og Bue,Et tradisjonelt verktøy og våpen som bruker elastisk energi for å skyte piler.,Våpen,"Enhver gjenstand eller enhet som er designet eller brukt til å skade, skade eller drepe levende vesener.",Skytevåpen,true,False,True,"Våpen og våpenliknende gjenstander kan under ingen omstendigheter tas med som håndbagasje, men innsjekket bagasje. Regelen sier at transport av våpen må søkes om og gokjennes før du reiser. Hør med flyselskapet du reiser med i god tid om hvilke regler som gjelder for reisen din. Husk at du må bekrefte at du har gyldig våpenlisens, og vær oppmerksom på at det kan påløpe ekstra kostnader ved frakt av våpen."
Potteplante,En plante som er dyrket eller plantet i en potte for innendørs bruk.,Flytende,"Gjenstander eller substanser som er flytende, smørbart eller i gassform omfattes av reglene for væske. Frosne væsker regnes fortsatt som væsker.",Innhold,x<=100ml,True,True,"Væskene er i beholdere som rommer inntil 100 milliliter hver (beholdere som rommer mer enn 100 ml er ikke tillatt, uavhengig av hvor mye væske de inneholder). Beholderne er plassert i en gjennomsiktig, gjenlukkbar (""zip-lock"") og lukket plastpose med kapasitet på høyst 1 liter. Det er kun tillatt med én 1- liters pose per reisende."
Potteplante,En plante som er dyrket eller plantet i en potte for innendørs bruk.,Flytende,"Gjenstander eller substanser som er flytende, smørbart eller i gassform omfattes av reglene for væske. Frosne væsker regnes fortsatt som væsker.",Innhold,x>100ml,False,True,
Powerbank,En bærbar enhet som brukes for å lade elektroniske enheter via et USB-grensesnitt.,Batteri,En enhet som lagrer elektrisk energi og gir strøm til elektriske apparater eller enheter.,Montert i Enhet,x<=100Wh,True,True,Trenger ikke tillatelse fra flyselskapet
Powerbank,En bærbar enhet som brukes for å lade elektroniske enheter via et USB-grensesnitt.,Batteri,En enhet som lagrer elektrisk energi og gir strøm til elektriske apparater eller enheter.,Montert i Enhet,100Wh<x<=160Wh,True,True,Trenger tillatelse fra flyselskapet
Powerbank,En bærbar enhet som brukes for å lade elektroniske enheter via et USB-grensesnitt.,Batteri,En enhet som lagrer elektrisk energi og gir strøm til elektriske apparater eller enheter.,Løse og Reserve,x<=100Wh,True,False,Trenger ikke tillatelse fra flyselskapet
Powerbank,En bærbar enhet som brukes for å lade elektroniske enheter via et USB-grensesnitt.,Batteri,En enhet som lagrer elektrisk energi og gir strøm til elektriske apparater eller enheter.,Løse og Reserve,100Wh<x<=160Wh,True,False,"Maks 2 batterier tillatt i håndbagasjen, og man trenger tillatelse fra flyselskapet"
Powerbank,En bærbar enhet som brukes for å lade elektroniske enheter via et USB-grensesnitt.,Batteri,En enhet som lagrer elektrisk energi og gir strøm til elektriske apparater eller enheter.,Kraftige,x>160Wh,False,False,Forbudt å frakte i bagasjen. Skal fraktes som last i henhold til regelverket for farlig gods.
Prim,"En myk, spiselig ferskost ofte brukt på brød.",Mat,Enhver substans som konsumeres for å gi næring til kroppen og støtte dens funksjon.,Flytende konsistens,true,False,True,
Muggost,Ost som har blitt modnet med edel mugg for å utvikle smak.,Mat,Enhver substans som konsumeres for å gi næring til kroppen og støtte dens funksjon.,Fast konsistens,true,True,True,
Smøre-ost,"En kremet, smørbar ost brukt som pålegg.",Mat,Enhver substans som konsumeres for å gi næring til kroppen og støtte dens funksjon.,Flytende konsistens,true,False,True,
Proteindrikk,"En drikk rik på proteiner, ofte brukt som et supplement etter trening.",Mat,Enhver substans som konsumeres for å gi næring til kroppen og støtte dens funksjon.,Flytende konsistens,true,False,True,
Sportsdrikk,En drikk designet for å hjelpe idrettsutøvere med å rehydrere under og etter trening.,Mat,Enhver substans som konsumeres for å gi næring til kroppen og støtte dens funksjon.,Flytende konsistens,true,False,True,
Proteinpulver,Et kosttilskudd i pulverform rikt på proteiner for muskelbygging og reparasjon.,Mat,Enhver substans som konsumeres for å gi næring til kroppen og støtte dens funksjon.,Fast konsistens,true,True,True,
Redningsvest,En oppblåsbar vest som brukes som sikkerhetsutstyr på vannet.,Sportsutstyr,Ulike gjenstander som brukes i forbindelse med sport eller fritidsaktiviteter.,AndreObjekt,true,True,True,Reglene varierer basert på flyselskap og anskomstland. Kontakt flyselskapet ditt for videre informasjon.
Rogn,Fiskeegg som ofte brukes som mat eller i produksjon av kaviar.,Mat,Enhver substans som konsumeres for å gi næring til kroppen og støtte dens funksjon.,Fast konsistens,true,True,True,
Røykbombe,"En enhet som produserer en stor mengde røyk, brukt for signalering eller skjerming.",Eksplosive,Gjenstander eller substanser som har potensial til å eksplodere eller produsere en eksplosjon når de utsettes for en trigger.,"Substans og objekter
",true,False,False,"Eksplosive stoffer og eller objekt som kan være utløsende faktor for de er generelt ikke tillatt ombord i fly. Flyselskapene kan likevel ha egne bestemmelser som er strengere enn myndighetskravene. Unntak: oksygen tillates i beholdere på maks 500ml/g per enhet, maks 2l/kg per person."
Røykpatrone,En beholder som ved aktivering frigjør røyk for bruk i nødsituasjoner eller trening.,Våpen,"Enhver gjenstand eller enhet som er designet eller brukt til å skade, skade eller drepe levende vesener.",Ammunisjon,true,False,True,"Det er tillatt å ha med ammunisjon i innsjekket bagasje så lenge flyselskapets prosedyrer for håndtering av våpen og ammunisjon følges. Passasjeren må informere flyselskapet ved innsjekk om at bagasjen inneholder ammunisjon.

Kun ammunisjon i fareklasse Div. 1.4S, UN 0012 eller UN 0014 er tillatt. Ammunisjonen skal være forsvarlig pakket. Passasjerer kan ta med inntil 5kg (11 lbs) bruttovekt per person og ammunisjonen må være til passasjerens eget bruk. Ammunisjon med eksploderende eller brennende prosjektiler er ikke tillatt. Det er ikke tillatt å sampakke flere passasjerers tillatte mengde.

Man kan bare ta med ammunisjon til utlandet dersom det er tillatt på bestemmelsesstedet, samt alle steder den reisende mellomlander. Dette må sjekkes med landet du reiser til.

Ta kontakt med flyselskapet du reiser med for mer informasjon om pakking av ammunisjon."
Sag,Et verktøy med et tannet blad for å kutte gjennom materialer som tre.,Verktøy,Gjenstander som brukes til å utføre spesifikke oppgaver eller jobber.,Håndverktøy,TRUE,False,True,Gitt objektet ikke har elektriske komponenter
Saks,Et håndholdt verktøy med to blader som glir mot hverandre for å klippe materialer.,Skarpt,Gjenstander som har en skarp kant eller spiss og kan forårsake skade eller skjæring.,BladLengde,x<6cm,True,True,
Saks,Et håndholdt verktøy med to blader som glir mot hverandre for å klippe materialer.,Skarpt,Gjenstander som har en skarp kant eller spiss og kan forårsake skade eller skjæring.,BladLengde,x>=6cm,False,True,
Sjampo,Et rengjøringsprodukt for hår og hodebunn.,Flytende,"Gjenstander eller substanser som er flytende, smørbart eller i gassform omfattes av reglene for væske. Frosne væsker regnes fortsatt som væsker.",Innhold,x<=100ml,True,True,"Væskene er i beholdere som rommer inntil 100 milliliter hver (beholdere som rommer mer enn 100 ml er ikke tillatt, uavhengig av hvor mye væske de inneholder). Beholderne er plassert i en gjennomsiktig, gjenlukkbar (""zip-lock"") og lukket plastpose med kapasitet på høyst 1 liter. Det er kun tillatt med én 1- liters pose per reisende."
Sjampo,Et rengjøringsprodukt for hår og hodebunn.,Flytende,"Gjenstander eller substanser som er flytende, smørbart eller i gassform omfattes av reglene for væske. Frosne væsker regnes fortsatt som væsker.",Innhold,x>100ml,False,True,
Såpe,En såpe i væskeform brukt for håndvask eller kroppsrengjøring.,Flytende,"Gjenstander eller substanser som er flytende, smørbart eller i gassform omfattes av reglene for væske. Frosne væsker regnes fortsatt som væsker.",Innhold,x<=100ml,True,True,"Væskene er i beholdere som rommer inntil 100 milliliter hver (beholdere som rommer mer enn 100 ml er ikke tillatt, uavhengig av hvor mye væske de inneholder). Beholderne er plassert i en gjennomsiktig, gjenlukkbar (""zip-lock"") og lukket plastpose med kapasitet på høyst 1 liter. Det er kun tillatt med én 1- liters pose per reisende."
Såpe,En såpe i væskeform brukt for håndvask eller kroppsrengjøring.,Flytende,"Gjenstander eller substanser som er flytende, smørbart eller i gassform omfattes av reglene for væske. Frosne væsker regnes fortsatt som væsker.",Innhold,x>100ml,False,True,
Sjokolade,"En søt, populær konfekt laget med kakao og sukker.",Mat,Enhver substans som konsumeres for å gi næring til kroppen og støtte dens funksjon.,Fast konsistens,true,True,True,
Konfekt,"En type søtsaker eller sjokolader, ofte gitt som gave.",Mat,Enhver substans som konsumeres for å gi næring til kroppen og støtte dens funksjon.,Fast konsistens,true,True,True,
Porøs sjokolade,Sjokolade med en lett og luftig tekstur.,Mat,Enhver substans som konsumeres for å gi næring til kroppen og støtte dens funksjon.,Fast konsistens,true,True,True,
Sjokoladepålegg,"En smørbar sjokoladekrem, ofte brukt som pålegg på brød.",Mat,Enhver substans som konsumeres for å gi næring til kroppen og støtte dens funksjon.,Flytende konsistens,true,False,True,
Skateboard,Et lite brett med hjul brukt for skateboardkjøring.,Sportsutstyr,Ulike gjenstander som brukes i forbindelse med sport eller fritidsaktiviteter.,AndreObjekt,true,True,True,Reglene varierer basert på flyselskap og anskomstland. Kontakt flyselskapet ditt for videre informasjon.
Skrujern,Et verktøy for å skru inn eller ut skruer.,Skarpt,Gjenstander som har en skarp kant eller spiss og kan forårsake skade eller skjæring.,BladLengde,x<6cm,True,True,
Skrujern,Et verktøy for å skru inn eller ut skruer.,Skarpt,Gjenstander som har en skarp kant eller spiss og kan forårsake skade eller skjæring.,BladLengde,x>=6cm,False,True,
Meisel,Et håndverktøy med et skarpt blad for å forme eller kutte harde materialer.,Verktøy,Gjenstander som brukes til å utføre spesifikke oppgaver eller jobber.,Håndverktøy,TRUE,False,True,Gitt objektet ikke har elektriske komponenter
Skytevåpen,Et våpen som avfyrer prosjektiler ved hjelp av eksplosiv kraft.,Våpen,"Enhver gjenstand eller enhet som er designet eller brukt til å skade, skade eller drepe levende vesener.",Skytevåpen,true,False,True,"Våpen og våpenliknende gjenstander kan under ingen omstendigheter tas med som håndbagasje, men innsjekket bagasje. Regelen sier at transport av våpen må søkes om og gokjennes før du reiser. Hør med flyselskapet du reiser med i god tid om hvilke regler som gjelder for reisen din. Husk at du må bekrefte at du har gyldig våpenlisens, og vær oppmerksom på at det kan påløpe ekstra kostnader ved frakt av våpen."
Skøyte,En sko eller et understell med blader for å gli på is.,Sportsutstyr,Ulike gjenstander som brukes i forbindelse med sport eller fritidsaktiviteter.,Skøyter,true,False,True,Skøyter kan tillates i håndbagasje hvis de ikke utgjør noen trussel grunnet skøytens konstruksjon.
Smør,"Et meieriprodukt laget ved å kjerne fløte, brukt som pålegg og i matlaging.",Mat,Enhver substans som konsumeres for å gi næring til kroppen og støtte dens funksjon.,Flytende konsistens,true,False,True,
Margarin,"Et smørbart matfett, ofte brukt som et vegetarisk alternativ til smør.",Mat,Enhver substans som konsumeres for å gi næring til kroppen og støtte dens funksjon.,Flytende konsistens,true,False,True,
Sparkesykkel,"Et lite kjøretøy med et flatt dekk og to hjul, drevet frem av brukerens fotkraft.",Sportsutstyr,Ulike gjenstander som brukes i forbindelse med sport eller fritidsaktiviteter.,AndreObjekt,true,True,True,Reglene varierer basert på flyselskap og anskomstland. Kontakt flyselskapet ditt for videre informasjon.
Sprettert,Et lite håndholdt prosjektilvåpen som bruker elastisk energi for å skyte små objekter.,Våpen,"Enhver gjenstand eller enhet som er designet eller brukt til å skade, skade eller drepe levende vesener.",Skytevåpen,true,False,True,"Våpen og våpenliknende gjenstander kan under ingen omstendigheter tas med som håndbagasje, men innsjekket bagasje. Regelen sier at transport av våpen må søkes om og gokjennes før du reiser. Hør med flyselskapet du reiser med i god tid om hvilke regler som gjelder for reisen din. Husk at du må bekrefte at du har gyldig våpenlisens, og vær oppmerksom på at det kan påløpe ekstra kostnader ved frakt av våpen."
Slynge,Et våpen som bruker en stropp eller nett for å kaste tunge prosjektiler.,Våpen,"Enhver gjenstand eller enhet som er designet eller brukt til å skade, skade eller drepe levende vesener.",Våpenetterligninger,true,False,True,"Du kan ta med lekepistoler som overhodet ikke kan forveksles med ordentlige våpen i håndbagasjen. Lekevåpen, etterligninger og imitasjoner som kan forveksles med reelle våpen er ikke tillatt. Sikkerhetskontrolløren avgjør hva som skal stanses."
Springkniv,En kniv med et blad som spretter ut fra håndtaket når en knapp trykkes.,Sportsutstyr,Ulike gjenstander som brukes i forbindelse med sport eller fritidsaktiviteter.,Skarpeutstyr,true,False,True,
Sprøyte,Et medisinsk instrument brukt til å injisere væsker inn i eller trekke dem ut fra kroppen.,Medisin,"Legemidler eller farmasøytiske preparater som brukes til å forebygge, behandle eller lindre symptomer på sykdommer eller lidelser.",Enkelt Medisinsk utstyr,true,True,True,Instrumenter og apparater brukt i medisinsk behandling og diagnostikk.
Sprøytespiss,Den delen av en sprøyte som gjennomborer huden for å levere eller trekke ut væske.,Medisin,"Legemidler eller farmasøytiske preparater som brukes til å forebygge, behandle eller lindre symptomer på sykdommer eller lidelser.",Enkelt Medisinsk utstyr,true,True,True,Instrumenter og apparater brukt i medisinsk behandling og diagnostikk.
Spyd,"Et langt, tynt våpen som er designet for å kastes eller stikkes.",Sportsutstyr,Ulike gjenstander som brukes i forbindelse med sport eller fritidsaktiviteter.,Skarpeutstyr,true,False,True,
Startpistol,En pistol brukt for å signalisere starten av løp i idrettskonkurranser.,Våpen,"Enhver gjenstand eller enhet som er designet eller brukt til å skade, skade eller drepe levende vesener.",Skytevåpen,true,False,True,"Våpen og våpenliknende gjenstander kan under ingen omstendigheter tas med som håndbagasje, men innsjekket bagasje. Regelen sier at transport av våpen må søkes om og gokjennes før du reiser. Hør med flyselskapet du reiser med i god tid om hvilke regler som gjelder for reisen din. Husk at du må bekrefte at du har gyldig våpenlisens, og vær oppmerksom på at det kan påløpe ekstra kostnader ved frakt av våpen."
Signalpistol,En pistol designet for å avfyre lysraketter eller signalpatroner for nødsignaler.,Våpen,"Enhver gjenstand eller enhet som er designet eller brukt til å skade, skade eller drepe levende vesener.",Skytevåpen,true,False,True,"Våpen og våpenliknende gjenstander kan under ingen omstendigheter tas med som håndbagasje, men innsjekket bagasje. Regelen sier at transport av våpen må søkes om og gokjennes før du reiser. Hør med flyselskapet du reiser med i god tid om hvilke regler som gjelder for reisen din. Husk at du må bekrefte at du har gyldig våpenlisens, og vær oppmerksom på at det kan påløpe ekstra kostnader ved frakt av våpen."
Stearinlys,En lyskilde laget av stearin eller voks med en veke i midten.,Brennstoff,Stoffer som kan brenne eller forbrenne for å produsere varme eller energi.,Lys,true,True,True,Lys som har en fast konstistens i romtemperatur er tillatt.
Telys,"Et lite stearinlys i en tynn metall- eller plastkopp, brukt for dekorasjon eller stemningsskaping.",Brennstoff,Stoffer som kan brenne eller forbrenne for å produsere varme eller energi.,Lys,true,True,True,Lys som har en fast konstistens i romtemperatur er tillatt.
Stormkjøkken,Et bærbart kjøkken eller kokeapparat brukt for matlaging utendørs.,Sportsutstyr,Ulike gjenstander som brukes i forbindelse med sport eller fritidsaktiviteter.,Stormkjøkken,true,False,False,"Gjelder også primuser. Er det brukt, kan det medbringes som innsjekket baggasje hos noen flyselskap. Er produktene ubrukt, og inneholder ikke spor av væske så kan det medbringes i innsjekket- og håndbagasje."
Drivstoffbeholder,En beholder designet for å lagre drivstoff sikkert.,Brennstoff,Stoffer som kan brenne eller forbrenne for å produsere varme eller energi.,Drivstoffbeholdere,true,False,False,Gjenstander som har beholdere eller har hat et system med spor av drivstoff er strengt forbudt!
Strikkepinne,"Et langt, tynt verktøy brukt i strikking for å lage løkker av garn.",Sportsutstyr,Ulike gjenstander som brukes i forbindelse med sport eller fritidsaktiviteter.,AndreObjekt,true,True,True,Reglene varierer basert på flyselskap og anskomstland. Kontakt flyselskapet ditt for videre informasjon.
Sverd,"Et langt, håndholdt klingevåpen brukt for å kutte eller stikke.",Sportsutstyr,Ulike gjenstander som brukes i forbindelse med sport eller fritidsaktiviteter.,Skarpeutstyr,true,False,True,
Sabler,Et lett krummet klingevåpen brukt i kavaleriet.,Sportsutstyr,Ulike gjenstander som brukes i forbindelse med sport eller fritidsaktiviteter.,Skarpeutstyr,true,False,True,
Sykkelpatrone,En CO2-patrone brukt for rask oppumping av sykkeldekk.,Sportsutstyr,Ulike gjenstander som brukes i forbindelse med sport eller fritidsaktiviteter.,AndreObjekt,true,True,True,Reglene varierer basert på flyselskap og anskomstland. Kontakt flyselskapet ditt for videre informasjon.
Syltetøy,En tykk blanding av frukt og sukker som er kokt til den blir geléaktig.,Mat,Enhver substans som konsumeres for å gi næring til kroppen og støtte dens funksjon.,Flytende konsistens,true,False,True,
Mobiltelefon,En teknologisk gjenstand med batteri,Batteri,En enhet som lagrer elektrisk energi og gir strøm til elektriske apparater eller enheter.,Montert i Enhet,x<=100Wh,True,True,Trenger ikke tillatelse fra flyselskapet
Mobiltelefon,En teknologisk gjenstand med batteri,Batteri,En enhet som lagrer elektrisk energi og gir strøm til elektriske apparater eller enheter.,Montert i Enhet,100Wh<x<=160Wh,True,True,Trenger tillatelse fra flyselskapet
Mobiltelefon,En teknologisk gjenstand med batteri,Batteri,En enhet som lagrer elektrisk energi og gir strøm til elektriske apparater eller enheter.,Løse og Reserve,x<=100Wh,True,False,Trenger ikke tillatelse fra flyselskapet
Mobiltelefon,En teknologisk gjenstand med batteri,Batteri,En enhet som lagrer elektrisk energi og gir strøm til elektriske apparater eller enheter.,Løse og Reserve,100Wh<x<=160Wh,True,False,"Maks 2 batterier tillatt i håndbagasjen, og man trenger tillatelse fra flyselskapet"
Mobiltelefon,En teknologisk gjenstand med batteri,Batteri,En enhet som lagrer elektrisk energi og gir strøm til elektriske apparater eller enheter.,Kraftige,x>160Wh,False,False,Forbudt å frakte i bagasjen. Skal fraktes som last i henhold til regelverket for farlig gods.
Rullestol,En gjenstand brukt for å transportere funksjonsnedsatte mennesker,Sportsutstyr,Ulike gjenstander som brukes i forbindelse med sport eller fritidsaktiviteter.,AssistanseUtstyr,true,True,True,"Trenger tillatelse fra flyselskapet, og henvend deg til Avinor."
Tannkrem,En pasta brukt på en tannbørste for å rense og beskytte tennene.,Flytende,"Gjenstander eller substanser som er flytende, smørbart eller i gassform omfattes av reglene for væske. Frosne væsker regnes fortsatt som væsker.",Innhold,x<=100ml,True,True,"Væskene er i beholdere som rommer inntil 100 milliliter hver (beholdere som rommer mer enn 100 ml er ikke tillatt, uavhengig av hvor mye væske de inneholder). Beholderne er plassert i en gjennomsiktig, gjenlukkbar (""zip-lock"") og lukket plastpose med kapasitet på høyst 1 liter. Det er kun tillatt med én 1- liters pose per reisende."
Tannkrem,En pasta brukt på en tannbørste for å rense og beskytte tennene.,Flytende,"Gjenstander eller substanser som er flytende, smørbart eller i gassform omfattes av reglene for væske. Frosne væsker regnes fortsatt som væsker.",Innhold,x>100ml,False,True,
Tapetkniv,Et skarpt verktøy brukt for å kutte tapet og andre materialer.,Skarpt,Gjenstander som har en skarp kant eller spiss og kan forårsake skade eller skjæring.,BladLengde,x<6cm,True,True,
Tapetkniv,Et skarpt verktøy brukt for å kutte tapet og andre materialer.,Skarpt,Gjenstander som har en skarp kant eller spiss og kan forårsake skade eller skjæring.,BladLengde,x>=6cm,False,True,
Telt,En bærbar ly for å gi ly under camping og utendørs aktiviteter.,Sportsutstyr,Ulike gjenstander som brukes i forbindelse med sport eller fritidsaktiviteter.,Teltutstyr,true,True,True,
Teltstenge,En stang brukt til å støtte strukturen av et telt.,Sportsutstyr,Ulike gjenstander som brukes i forbindelse med sport eller fritidsaktiviteter.,Teltutstyr,true,True,True,
Teltplugg,En liten pinne eller stake som brukes til å feste et telt til bakken.,Sportsutstyr,Ulike gjenstander som brukes i forbindelse med sport eller fritidsaktiviteter.,Teltutstyr,true,True,True,
Tennisracket,Et sportredskap brukt for å slå en tennisball i spill.,Sportsutstyr,Ulike gjenstander som brukes i forbindelse med sport eller fritidsaktiviteter.,AndreObjekt,true,True,True,Reglene varierer basert på flyselskap og anskomstland. Kontakt flyselskapet ditt for videre informasjon.
Trankapsler,Kosttilskudd i kapsler fylt med fiskeolje rik på omega-3 fettsyrer.,Mat,Enhver substans som konsumeres for å gi næring til kroppen og støtte dens funksjon.,Fast konsistens,true,True,True,
Ørepropper,Ørepropper er gjenstander med batteri for å høre på trådløss musikk,Batteri,En enhet som lagrer elektrisk energi og gir strøm til elektriske apparater eller enheter.,Montert i Enhet,x<=100Wh,True,True,Trenger ikke tillatelse fra flyselskapet
Ørepropper,Ørepropper er gjenstander med batteri for å høre på trådløss musikk,Batteri,En enhet som lagrer elektrisk energi og gir strøm til elektriske apparater eller enheter.,Montert i Enhet,100Wh<x<=160Wh,True,True,Trenger tillatelse fra flyselskapet
Lommekniv,En liten kniv med ett eller flere blader som foldes inn i håndtaket.,Skarpt,Gjenstander som har en skarp kant eller spiss og kan forårsake skade eller skjæring.,BladLengde,x<6cm,True,True,
Lommekniv,En liten kniv med ett eller flere blader som foldes inn i håndtaket.,Skarpt,Gjenstander som har en skarp kant eller spiss og kan forårsake skade eller skjæring.,BladLengde,x>=6cm,False,True,
Isbrodd,En anordning festet til sko for bedre grep på isete overflater.,Sportsutstyr,Ulike gjenstander som brukes i forbindelse med sport eller fritidsaktiviteter.,Skarpeutstyr,true,False,True,
Skalpell,Et svært skarpt kirurgisk instrument brukt i medisinske prosedyrer.,Medisin,"Legemidler eller farmasøytiske preparater som brukes til å forebygge, behandle eller lindre symptomer på sykdommer eller lidelser.",Medisinsk utstyr med knivblad,true,False,True,
Engangshøvle,"En høvel med et blad for engangsbruk, ofte brukt til barbering.",Skarpt,Gjenstander som har en skarp kant eller spiss og kan forårsake skade eller skjæring.,BladLengde,x<6cm,True,True,
Engangshøvle,"En høvel med et blad for engangsbruk, ofte brukt til barbering.",Skarpt,Gjenstander som har en skarp kant eller spiss og kan forårsake skade eller skjæring.,BladLengde,x>=6cm,False,True,
Pinsett,Et lite verktøy brukt for å plukke opp eller holde små objekter.,Sportsutstyr,Ulike gjenstander som brukes i forbindelse med sport eller fritidsaktiviteter.,AndreObjekt,true,True,True,Reglene varierer basert på flyselskap og anskomstland. Kontakt flyselskapet ditt for videre informasjon.
Paraply,En bærbar anordning designet for beskyttelse mot regn eller sol.,Sportsutstyr,Ulike gjenstander som brukes i forbindelse med sport eller fritidsaktiviteter.,AndreObjekt,true,True,True,Reglene varierer basert på flyselskap og anskomstland. Kontakt flyselskapet ditt for videre informasjon.
Heklenål,Et verktøy brukt i håndarbeid for å lage masker i garn eller tråd.,Sportsutstyr,Ulike gjenstander som brukes i forbindelse med sport eller fritidsaktiviteter.,AndreObjekt,true,True,True,Reglene varierer basert på flyselskap og anskomstland. Kontakt flyselskapet ditt for videre informasjon.
Sigarkutter,Et verktøy brukt for å klippe enden av en sigar før røyking.,Sportsutstyr,Ulike gjenstander som brukes i forbindelse med sport eller fritidsaktiviteter.,AndreObjekt,true,True,True,Reglene varierer basert på flyselskap og anskomstland. Kontakt flyselskapet ditt for videre informasjon.
Neglefil,Et verktøy brukt for å forme og glatte ut kantene på neglene.,Sportsutstyr,Ulike gjenstander som brukes i forbindelse med sport eller fritidsaktiviteter.,AndreObjekt,true,True,True,Reglene varierer basert på flyselskap og anskomstland. Kontakt flyselskapet ditt for videre informasjon.
Bunadssølje,Et tradisjonelt norsk smykke brukt på bunader og folkedrakter.,Skarpt,Gjenstander som har en skarp kant eller spiss og kan forårsake skade eller skjæring.,BladLengde,x<6cm,True,True,
Bunadssølje,Et tradisjonelt norsk smykke brukt på bunader og folkedrakter.,Skarpt,Gjenstander som har en skarp kant eller spiss og kan forårsake skade eller skjæring.,BladLengde,x>=6cm,False,True,
Aerosol,En beholder som sprayer innholdet som en fin tåke ved trykk.,KjemiskSubstans,Enhver substans som består av materie og har en definert kjemisk sammensetning.,Aerosoler,true,True,True,"Maks 100 ml i håndbagasje, I innsjekketbaggasje er aerosoler klasse 2.2 (ikke brennbar og/eller giftig drivgass) er tillatt. Maks 500 ml/g pr enhet, max 2 l/kg pr pers i innsjekket bagasje"
Gasslighter,En type lighter som bruker gass som brennstoff.,Brennstoff,Stoffer som kan brenne eller forbrenne for å produsere varme eller energi.,LightereEngangsGass,true,True,False,"Maks én lighter per person. Lighteren må være plassert i gjennomsiktig 1-liter pose gjennom sikkerhetskontrollen, og må bæres på ens person om bord i flyet."
Gasslighter,En type lighter som bruker gass som brennstoff.,Brennstoff,Stoffer som kan brenne eller forbrenne for å produsere varme eller energi.,LighterePåfyllbareGass,true,True,False,"Maks én lighter per person. Lighteren må være plassert i gjennomsiktig 1-liter pose gjennom sikkerhetskontrollen, og må bæres på ens person om bord i flyet."
Gasslighter,En type lighter som bruker gass som brennstoff.,Brennstoff,Stoffer som kan brenne eller forbrenne for å produsere varme eller energi.,LightereMikserLuftOgGass,true,True,False,"Maks én lighter per person. Lighteren må være plassert i gjennomsiktig 1-liter pose gjennom sikkerhetskontrollen, og må bæres på ens person om bord i flyet."
Sikkerhetsfyrstikke,En type fyrstikk som kun kan tennes mot en spesiell overflate.,Brennstoff,Stoffer som kan brenne eller forbrenne for å produsere varme eller energi.,Sikkerhetsfyrstikker,true,True,False,Kun én eske per person
Brannslokningsapparat,En enhet brukt for å slukke branner i nødsituasjoner.,KjemiskSubstans,Enhver substans som består av materie og har en definert kjemisk sammensetning.,Aerosoler,true,True,True,"Maks 100 ml i håndbagasje, I innsjekketbaggasje er aerosoler klasse 2.2 (ikke brennbar og/eller giftig drivgass) er tillatt. Maks 500 ml/g pr enhet, max 2 l/kg pr pers i innsjekket bagasje"
Pepperspray,Et selvforsvarsprodukt som sprøyter en brennende substans.,KjemiskSubstans,Enhver substans som består av materie og har en definert kjemisk sammensetning.,Aerosoler,true,True,True,"Maks 100 ml i håndbagasje, I innsjekketbaggasje er aerosoler klasse 2.2 (ikke brennbar og/eller giftig drivgass) er tillatt. Maks 500 ml/g pr enhet, max 2 l/kg pr pers i innsjekket bagasje"
Tåregass,"En kjemisk substans som forårsaker tåreflod og ubehag, brukt i kontroll av folkemengder.",KjemiskSubstans,Enhver substans som består av materie og har en definert kjemisk sammensetning.,Aerosoler,true,True,True,"Maks 100 ml i håndbagasje, I innsjekketbaggasje er aerosoler klasse 2.2 (ikke brennbar og/eller giftig drivgass) er tillatt. Maks 500 ml/g pr enhet, max 2 l/kg pr pers i innsjekket bagasje"
Syre,"En kjemisk substans med høy pH-verdi, brukt i forskjellige industrielle og vitenskapelige applikasjoner.",KjemiskSubstans,Enhver substans som består av materie og har en definert kjemisk sammensetning.,Aerosoler,true,True,True,"Maks 100 ml i håndbagasje, I innsjekketbaggasje er aerosoler klasse 2.2 (ikke brennbar og/eller giftig drivgass) er tillatt. Maks 500 ml/g pr enhet, max 2 l/kg pr pers i innsjekket bagasje"
Basiske stoff,"Kjemiske stoffer som har en pH-verdi over 7, ofte brukt i rengjøring.",KjemiskSubstans,Enhver substans som består av materie og har en definert kjemisk sammensetning.,Aerosoler,true,True,True,"Maks 100 ml i håndbagasje, I innsjekketbaggasje er aerosoler klasse 2.2 (ikke brennbar og/eller giftig drivgass) er tillatt. Maks 500 ml/g pr enhet, max 2 l/kg pr pers i innsjekket bagasje"
Kvikksølv,"Et tungmetall som er flytende ved romtemperatur, brukt i termometre.",KjemiskSubstans,Enhver substans som består av materie og har en definert kjemisk sammensetning.,Aerosoler,true,True,True,"Maks 100 ml i håndbagasje, I innsjekketbaggasje er aerosoler klasse 2.2 (ikke brennbar og/eller giftig drivgass) er tillatt. Maks 500 ml/g pr enhet, max 2 l/kg pr pers i innsjekket bagasje"
Klor,Et kjemisk element brukt i desinfeksjon og som blekemiddel.,KjemiskSubstans,Enhver substans som består av materie og har en definert kjemisk sammensetning.,Aerosoler,true,True,True,"Maks 100 ml i håndbagasje, I innsjekketbaggasje er aerosoler klasse 2.2 (ikke brennbar og/eller giftig drivgass) er tillatt. Maks 500 ml/g pr enhet, max 2 l/kg pr pers i innsjekket bagasje"
Bilbatteri,En enhet som lagrer elektrisk energi for å starte en bilmotor.,KjemiskSubstans,Enhver substans som består av materie og har en definert kjemisk sammensetning.,Aerosoler,true,True,True,"Maks 100 ml i håndbagasje, I innsjekketbaggasje er aerosoler klasse 2.2 (ikke brennbar og/eller giftig drivgass) er tillatt. Maks 500 ml/g pr enhet, max 2 l/kg pr pers i innsjekket bagasje"
Rottegift,Et kjemisk stoff brukt for å kontrollere rotte- og musepopulasjoner.,KjemiskSubstans,Enhver substans som består av materie og har en definert kjemisk sammensetning.,Aerosoler,true,True,True,"Maks 100 ml i håndbagasje, I innsjekketbaggasje er aerosoler klasse 2.2 (ikke brennbar og/eller giftig drivgass) er tillatt. Maks 500 ml/g pr enhet, max 2 l/kg pr pers i innsjekket bagasje"
Infisert blod,"Blod som inneholder skadelige patogener, som virus eller bakterier.",KjemiskSubstans,Enhver substans som består av materie og har en definert kjemisk sammensetning.,Aerosoler,true,True,True,"Maks 100 ml i håndbagasje, I innsjekketbaggasje er aerosoler klasse 2.2 (ikke brennbar og/eller giftig drivgass) er tillatt. Maks 500 ml/g pr enhet, max 2 l/kg pr pers i innsjekket bagasje"
Bakterie,"Mikroorganismer som finnes overalt i miljøet, noen er skadelige mens andre er nyttige.",KjemiskSubstans,Enhver substans som består av materie og har en definert kjemisk sammensetning.,Aerosoler,true,True,True,"Maks 100 ml i håndbagasje, I innsjekketbaggasje er aerosoler klasse 2.2 (ikke brennbar og/eller giftig drivgass) er tillatt. Maks 500 ml/g pr enhet, max 2 l/kg pr pers i innsjekket bagasje"
Virus,Mikroskopiske infeksjonsfremkallende agenter som kan forårsake sykdom.,KjemiskSubstans,Enhver substans som består av materie og har en definert kjemisk sammensetning.,Aerosoler,true,True,True,"Maks 100 ml i håndbagasje, I innsjekketbaggasje er aerosoler klasse 2.2 (ikke brennbar og/eller giftig drivgass) er tillatt. Maks 500 ml/g pr enhet, max 2 l/kg pr pers i innsjekket bagasje"
Radioaktivt materiale,"Stoffer som utstråler ioniserende stråling, brukt i medisin og industri.",KjemiskSubstans,Enhver substans som består av materie og har en definert kjemisk sammensetning.,Aerosoler,true,True,True,"Maks 100 ml i håndbagasje, I innsjekketbaggasje er aerosoler klasse 2.2 (ikke brennbar og/eller giftig drivgass) er tillatt. Maks 500 ml/g pr enhet, max 2 l/kg pr pers i innsjekket bagasje"
Våpenetterligning,"Objekter som ser ut som ekte våpen, men som ikke er funksjonelle.",Våpen,"Enhver gjenstand eller enhet som er designet eller brukt til å skade, skade eller drepe levende vesener.",Våpenetterligninger,true,False,True,"Du kan ta med lekepistoler som overhodet ikke kan forveksles med ordentlige våpen i håndbagasjen. Lekevåpen, etterligninger og imitasjoner som kan forveksles med reelle våpen er ikke tillatt. Sikkerhetskontrolløren avgjør hva som skal stanses."
Våpendel,Komponenter som utgjør eller kan brukes i montering av et våpen.,Våpen,"Enhver gjenstand eller enhet som er designet eller brukt til å skade, skade eller drepe levende vesener.",Våpendeler,true,False,True,Unntak: Det er lov å ha med optikk i håndbagasjen
Luftgevær,Et våpen som bruker trykkluft til å avfyre prosjektiler.,Våpen,"Enhver gjenstand eller enhet som er designet eller brukt til å skade, skade eller drepe levende vesener.",Skytevåpen,true,False,True,"Våpen og våpenliknende gjenstander kan under ingen omstendigheter tas med som håndbagasje, men innsjekket bagasje. Regelen sier at transport av våpen må søkes om og gokjennes før du reiser. Hør med flyselskapet du reiser med i god tid om hvilke regler som gjelder for reisen din. Husk at du må bekrefte at du har gyldig våpenlisens, og vær oppmerksom på at det kan påløpe ekstra kostnader ved frakt av våpen."
Paintballvåpen,Et våpen designet for å skyte malingfylte kuler i paintballspill.,Våpen,"Enhver gjenstand eller enhet som er designet eller brukt til å skade, skade eller drepe levende vesener.",Skytevåpen,true,False,True,"Våpen og våpenliknende gjenstander kan under ingen omstendigheter tas med som håndbagasje, men innsjekket bagasje. Regelen sier at transport av våpen må søkes om og gokjennes før du reiser. Hør med flyselskapet du reiser med i god tid om hvilke regler som gjelder for reisen din. Husk at du må bekrefte at du har gyldig våpenlisens, og vær oppmerksom på at det kan påløpe ekstra kostnader ved frakt av våpen."
Spikerpistol,Et verktøy som driver spiker inn i tre eller annet materiale ved hjelp av trykkluft eller elektrisitet.,Verktøy,Gjenstander som brukes til å utføre spesifikke oppgaver eller jobber.,ElektriskVerktøy,TRUE,False,True,Mange batterier til verktøy inneholder litium-Ion. Det er kun tillatt med et slikt batteri hvis det står i verktøyet og verktøyet er sikret mot å starte i innsjekket bagasje. Normalt vil det si at det ligger i en transportkasse.
Avlivingsutstyr,Utstyr brukt for å avlive dyr på en human måte.,Våpen,"Enhver gjenstand eller enhet som er designet eller brukt til å skade, skade eller drepe levende vesener.",Skytevåpen,true,False,True,"Våpen og våpenliknende gjenstander kan under ingen omstendigheter tas med som håndbagasje, men innsjekket bagasje. Regelen sier at transport av våpen må søkes om og gokjennes før du reiser. Hør med flyselskapet du reiser med i god tid om hvilke regler som gjelder for reisen din. Husk at du må bekrefte at du har gyldig våpenlisens, og vær oppmerksom på at det kan påløpe ekstra kostnader ved frakt av våpen."
Elektrosjokkvåpen,"Et ikke-dødelig våpen brukt for selvforsvar, som sender ut elektriske støt.",Våpen,"Enhver gjenstand eller enhet som er designet eller brukt til å skade, skade eller drepe levende vesener.",Forbudte våpen,true,False,False,Forbudte våpen er ulovlig å ha med både i innsjekket og håndbagasje
Golfkølle,Et redskap brukt til å slå en golfball i spillet golf.,Sportsutstyr,Ulike gjenstander som brukes i forbindelse med sport eller fritidsaktiviteter.,Køller,true,False,True,
Harpuner,Et langt spyd brukt i undervannsjakt på store fisk eller marine pattedyr.,Våpen,"Enhver gjenstand eller enhet som er designet eller brukt til å skade, skade eller drepe levende vesener.",Ammunisjon,true,False,True,"Det er tillatt å ha med ammunisjon i innsjekket bagasje så lenge flyselskapets prosedyrer for håndtering av våpen og ammunisjon følges. Passasjeren må informere flyselskapet ved innsjekk om at bagasjen inneholder ammunisjon.

Kun ammunisjon i fareklasse Div. 1.4S, UN 0012 eller UN 0014 er tillatt. Ammunisjonen skal være forsvarlig pakket. Passasjerer kan ta med inntil 5kg (11 lbs) bruttovekt per person og ammunisjonen må være til passasjerens eget bruk. Ammunisjon med eksploderende eller brennende prosjektiler er ikke tillatt. Det er ikke tillatt å sampakke flere passasjerers tillatte mengde.

Man kan bare ta med ammunisjon til utlandet dersom det er tillatt på bestemmelsesstedet, samt alle steder den reisende mellomlander. Dette må sjekkes med landet du reiser til.

Ta kontakt med flyselskapet du reiser med for mer informasjon om pakking av ammunisjon."
Ishockeykølle,"Et redskap brukt til å spille ishockey, for å slå pucken.",Sportsutstyr,Ulike gjenstander som brukes i forbindelse med sport eller fritidsaktiviteter.,Køller,true,False,True,
Slåsshanske,En hanske designet for å beskytte brukerens hender og øke slagkraften i kampsport.,Sportsutstyr,Ulike gjenstander som brukes i forbindelse med sport eller fritidsaktiviteter.,Kampsportutstyr,true,False,True,
Klubbe,Et stykke tre brukt i tradisjonelle kamsporttyper.,Sportsutstyr,Ulike gjenstander som brukes i forbindelse med sport eller fritidsaktiviteter.,Kampsportutstyr,true,False,True,
Batong,"En kort stokk brukt som våpen, ofte av politi for å kontrollere folkemengder.",Sportsutstyr,Ulike gjenstander som brukes i forbindelse med sport eller fritidsaktiviteter.,Kampsportutstyr,true,False,True,
Nunchakoer,En tradisjonell asiatisk kampsportvåpen bestående av to staver koblet sammen med en kort kjede.,Sportsutstyr,Ulike gjenstander som brukes i forbindelse med sport eller fritidsaktiviteter.,Kampsportutstyr,true,False,True,
Kastestjerne,"Et stjernformet metallvåpen med flere spisse ender, brukt i kampsport.",Sportsutstyr,Ulike gjenstander som brukes i forbindelse med sport eller fritidsaktiviteter.,Kampsportutstyr,true,False,True,
Kårde,"Et lett, tynt sverd brukt i fekting og dueller.",Sportsutstyr,Ulike gjenstander som brukes i forbindelse med sport eller fritidsaktiviteter.,Skarpeutstyr,true,False,True,
Machete,"Et langt, tungt knivlignende verktøy brukt for å kutte gjennom tykk vegetasjon.",Sportsutstyr,Ulike gjenstander som brukes i forbindelse med sport eller fritidsaktiviteter.,Skarpeutstyr,true,False,True,
Fiskekrok,En metallkrok brukt for å fange fisk ved å feste agn.,Sportsutstyr,Ulike gjenstander som brukes i forbindelse med sport eller fritidsaktiviteter.,Fiskeutstyr,true,True,True,
Segway,"Et elektrisk, selvbalanserende persontransportmiddel med to hjul.",Sportsutstyr,Ulike gjenstander som brukes i forbindelse med sport eller fritidsaktiviteter.,ElektriskeFramkomstmiddel,true,False,False,"Unntak: Noen flyselskap tillater noen elektriske framkomstmiddel, men er ofte uønsket grunnet brannfare."
Solowheel,Et enkelthjuls elektrisk kjøretøy som balanseres av brukeren.,Sportsutstyr,Ulike gjenstander som brukes i forbindelse med sport eller fritidsaktiviteter.,ElektriskeFramkomstmiddel,true,False,False,"Unntak: Noen flyselskap tillater noen elektriske framkomstmiddel, men er ofte uønsket grunnet brannfare."
Balance glider,"Et selvbalanserende brett med to hjul, kjent som hoverboard.",Sportsutstyr,Ulike gjenstander som brukes i forbindelse med sport eller fritidsaktiviteter.,ElektriskeFramkomstmiddel,true,False,False,"Unntak: Noen flyselskap tillater noen elektriske framkomstmiddel, men er ofte uønsket grunnet brannfare."
Primus,Et bærbart kokeapparat som bruker brennstoff som gass eller bensin for utendørs matlaging.,Sportsutstyr,Ulike gjenstander som brukes i forbindelse med sport eller fritidsaktiviteter.,Stormkjøkken,true,False,False,"Gjelder også primuser. Er det brukt, kan det medbringes som innsjekket baggasje hos noen flyselskap. Er produktene ubrukt, og inneholder ikke spor av væske så kan det medbringes i innsjekket- og håndbagasje."
Parfyme,"En blanding av duftende essensielle oljer eller aromaforbindelser, brukt for å gi kroppen en behagelig lukt.",Flytende,"Gjenstander eller substanser som er flytende, smørbart eller i gassform omfattes av reglene for væske. Frosne væsker regnes fortsatt som væsker.",Innhold,x<=100ml,True,True,"Væskene er i beholdere som rommer inntil 100 milliliter hver (beholdere som rommer mer enn 100 ml er ikke tillatt, uavhengig av hvor mye væske de inneholder). Beholderne er plassert i en gjennomsiktig, gjenlukkbar (""zip-lock"") og lukket plastpose med kapasitet på høyst 1 liter. Det er kun tillatt med én 1- liters pose per reisende."
Parfyme,"En blanding av duftende essensielle oljer eller aromaforbindelser, brukt for å gi kroppen en behagelig lukt.",Flytende,"Gjenstander eller substanser som er flytende, smørbart eller i gassform omfattes av reglene for væske. Frosne væsker regnes fortsatt som væsker.",Innhold,x>100ml,False,True,
Linsevæske,"En steril løsning brukt for å rense, skylle og desinfisere kontaktlinser.",Flytende,"Gjenstander eller substanser som er flytende, smørbart eller i gassform omfattes av reglene for væske. Frosne væsker regnes fortsatt som væsker.",Innhold,x<=100ml,True,True,"Væskene er i beholdere som rommer inntil 100 milliliter hver (beholdere som rommer mer enn 100 ml er ikke tillatt, uavhengig av hvor mye væske de inneholder). Beholderne er plassert i en gjennomsiktig, gjenlukkbar (""zip-lock"") og lukket plastpose med kapasitet på høyst 1 liter. Det er kun tillatt med én 1- liters pose per reisende."
Linsevæske,"En steril løsning brukt for å rense, skylle og desinfisere kontaktlinser.",Flytende,"Gjenstander eller substanser som er flytende, smørbart eller i gassform omfattes av reglene for væske. Frosne væsker regnes fortsatt som væsker.",Innhold,x>100ml,False,True,
Shampo,"Et hårpleieprodukt designet for å rense hodebunnen og håret ved å fjerne skitt, oljer og hudpartikler.",Flytende,"Gjenstander eller substanser som er flytende, smørbart eller i gassform omfattes av reglene for væske. Frosne væsker regnes fortsatt som væsker.",Innhold,x<=100ml,True,True,"Væskene er i beholdere som rommer inntil 100 milliliter hver (beholdere som rommer mer enn 100 ml er ikke tillatt, uavhengig av hvor mye væske de inneholder). Beholderne er plassert i en gjennomsiktig, gjenlukkbar (""zip-lock"") og lukket plastpose med kapasitet på høyst 1 liter. Det er kun tillatt med én 1- liters pose per reisende."
Shampo,"Et hårpleieprodukt designet for å rense hodebunnen og håret ved å fjerne skitt, oljer og hudpartikler.",Flytende,"Gjenstander eller substanser som er flytende, smørbart eller i gassform omfattes av reglene for væske. Frosne væsker regnes fortsatt som væsker.",Innhold,x>100ml,False,True,
Balsam,Et hårpleieprodukt brukt etter shampo for å gjøre håret mykere og lettere å gre.,Flytende,"Gjenstander eller substanser som er flytende, smørbart eller i gassform omfattes av reglene for væske. Frosne væsker regnes fortsatt som væsker.",Innhold,x<=100ml,True,True,"Væskene er i beholdere som rommer inntil 100 milliliter hver (beholdere som rommer mer enn 100 ml er ikke tillatt, uavhengig av hvor mye væske de inneholder). Beholderne er plassert i en gjennomsiktig, gjenlukkbar (""zip-lock"") og lukket plastpose med kapasitet på høyst 1 liter. Det er kun tillatt med én 1- liters pose per reisende."
Balsam,Et hårpleieprodukt brukt etter shampo for å gjøre håret mykere og lettere å gre.,Flytende,"Gjenstander eller substanser som er flytende, smørbart eller i gassform omfattes av reglene for væske. Frosne væsker regnes fortsatt som væsker.",Innhold,x>100ml,False,True,
Vann,"En gjennomsiktig, luktfri og smakløs væske som er essensiell for de fleste kjente livsformer.",Flytende,"Gjenstander eller substanser som er flytende, smørbart eller i gassform omfattes av reglene for væske. Frosne væsker regnes fortsatt som væsker.",Innhold,x<=100ml,True,True,"Væskene er i beholdere som rommer inntil 100 milliliter hver (beholdere som rommer mer enn 100 ml er ikke tillatt, uavhengig av hvor mye væske de inneholder). Beholderne er plassert i en gjennomsiktig, gjenlukkbar (""zip-lock"") og lukket plastpose med kapasitet på høyst 1 liter. Det er kun tillatt med én 1- liters pose per reisende."
Vann,"En gjennomsiktig, luktfri og smakløs væske som er essensiell for de fleste kjente livsformer.",Flytende,"Gjenstander eller substanser som er flytende, smørbart eller i gassform omfattes av reglene for væske. Frosne væsker regnes fortsatt som væsker.",Innhold,x>100ml,False,True,
Øks,"Et verktøy med et tungt blad festet til et håndtak, brukt for å hugge.",Verktøy,Gjenstander som brukes til å utføre spesifikke oppgaver eller jobber.,Håndverktøy,TRUE,False,True,Gitt objektet ikke har elektriske komponenter
Kjøttøks,En stor og tung øks brukt spesielt for å kutte gjennom kjøtt og bein.,Verktøy,Gjenstander som brukes til å utføre spesifikke oppgaver eller jobber.,Håndverktøy,TRUE,False,True,Gitt objektet ikke har elektriske komponenter
